{
    "default":
    {
        "prefill":[2.0e-06,4.0e-02 ,7.0],
        "decode":[7.0e-05 ,4.0e-01,0.013]
    },
    "1.3B":
    {
        "prefill":[1.563315e-06,3.990333e-02 ,6.8204],
        "decode":[6.272759e-05 ,3.958975e-01,0.0124]
    },
    "13B":
    {
        "prefill":[1.563315e-05,3.990333e-01 ,6.8204],
        "decode":[6.272759e-04 ,3.958975,0.124]
    }
}